<?xml version="1.0" encoding="UTF-8"?>
<!DOCTYPE bindings PUBLIC "-//NetBeans//DTD Editor KeyBindings settings 1.1//EN" "http://www.netbeans.org/dtds/EditorKeyBindings-1_1.dtd">
<bindings>
    <bind actionName="all-completion-show" key="SDO-7"/>
    <bind actionName="completion-show" key="SO-7"/>
    <bind actionName="cut-to-clipboard" key="S-DELETE"/>
    <bind actionName="redo" key="SD-Z"/>
    <bind actionName="redo" key="SO-MINUS"/>
    <bind key="DO-SLASH" remove="true"/>
    <bind key="O-SLASH" remove="true"/>
    <bind key="SO-W" remove="true"/>
    <bind key="S-SPACE" remove="true"/>
    <bind key="SO-F" remove="true"/>
</bindings>
